customer_id,name
1,Nicole Pitts
2,Mr. Jeffrey Sullivan DDS
3,Matthew Hughes
4,Valerie Powers
5,Samantha Sanchez
6,Jacob Allen
7,Bobby Dixon
8,Ian Green
9,Brandon Gill
10,David Hill
11,Anthony Medina
12,Diane Martin
13,Lindsay Cook
14,Sara Ward
15,Krystal Lloyd
16,Mark Morton
17,Janet Quinn
18,Ryan Brown
19,Karla Carney
20,Stephanie Williams
21,Mckenzie Sanders
22,Mrs. Nicole Dodson
23,Elizabeth Gilbert
24,Joseph Diaz
25,James Patterson
26,Frank Barber
27,John Nguyen
28,Jessica Zamora
29,Judith Bennett
30,Charles Blair DVM
31,Mallory Washington
32,Jeffrey Mcconnell
33,Joseph Dudley
34,Julie Wright
35,William Gomez
36,Stephanie Everett PhD
37,Megan Shah
38,Timothy Hunt
39,Elizabeth Henry
40,Douglas Murphy
41,Michael Foley
42,Mr. Anthony Myers
43,Jessica Johnson
44,Aaron Richardson
45,Susan Harmon
46,Aaron Shepherd
47,Allison Mckee MD
48,Steven Miller
49,Kimberly Williams
50,Tonya Watson
51,Gail West
52,Ashley Thompson
53,Allison Tran
54,Donald Martinez
55,Diana White
56,Katherine Porter
57,Tina Miller
58,Kristin Mcdonald
59,Cathy Griffin
60,Steven Reyes
61,Taylor Christian
62,Fernando Ortega
63,Tony Hughes
64,Jasmin Luna
65,Mary Higgins
66,Angela Anthony
67,Christian Gates
68,Jeffrey May
69,Nicholas Munoz
70,Thomas Kline
71,Michaela Robinson
72,Kelly Leonard
73,Alexander Sloan
74,Terri Dean
75,Robert Hansen
76,Denise Vaughan
77,Melinda Ellis
78,Bradley Baker
79,James Potts
80,Justin Mclaughlin
81,Stephanie Klein
82,Tyler Rivera
83,Brittany Price
84,Gabriel Wolfe
85,Jessica Guzman
86,Michael Nelson
87,Gregory Williams
88,Marc Hart
89,Andre Hicks
90,Rhonda Ochoa
91,Carmen Beck
92,Jessica Scott
93,Vanessa James
94,Andrew Miller
95,Brittney Luna
96,Stephanie Ford
97,Erica Meyer
98,Jessica Key
99,Janet Bennett
100,Yvonne Serrano
