"id","first_name","last_name","salary","industry"
"1","Layla","Ross","183","Publishing"
"3","Brandon","Kelly","242","Construction"
"4","Laura","Evans","213","Consumer Goods"
"7","Nathan","Stewart","151","Apparel"
"8","Ashley","Collins","207","Dairy"
"9","Lauren","Cox","206","Food Production"
"10","Mateo","Diaz","192","Computer Software"
"11","Jose","Murphy","80","Computer Games"
"12","Elizabeth","Thompson","202","Fitness"
"13","Jeremy","Perry","21","Building Materials"
"14","Melissa","Stewart","64","Security"
"15","Kayla","Alexander","222","Food Production"
"17","Alexis","Walker","1","Education"
"18","Claire","Alexander","179","Journalism"
"19","Ashley","Roberts","190","Insurance"
"20","Anna","Rivera","126","Legal Services"
"23","Aubrey","Allen","65","Furniture"
"24","Alexandra","Russell","94","Fitness"
"25","Samantha","Rogers","133","Aviation"
"26","Katherine","Brooks","214","Sporting Goods"
"27","Kyle","Russell","197","Recreational Facilities"
"28","Tyler","Cooper","145","Marketing"
"29","Aiden","Lewis","96","International Development"
"30","Elizabeth","Murphy","164","Semiconductors"
"31","Henry","Garcia","51","Security"
"32","Justin","Harris","139","Accounting"
"33","Jason","Brooks","199","Automotive"
"35","Alexander","Powell","8","Gambling"
"36","Steven","Baker","24","Web Design"
"37","Nicholas","Ramirez","144","Sporting Goods"
"38","Brian","Collins","113","Entertainment"
"39","Ava","Russell","170","Motion Pictures"
"40","Henry","Thompson","96","Apparel"
"41","Sofia","Green","193","Art"
"44","Allison","Miller","180","Glass"
"46","Austin","Reed","185","Concrete"
"47","Victoria","Lee","249","Environmental Services"
"48","Aaron","Reed","113","Services"
"49","Robert","Perry","166","Advertising"
"51","Rebecca","Edwards","4","Transportation"
"52","Nicholas","Wilson","135","Civil Engineering"
"53","Emily","Moore","39","Banking"
"54","Theodore","Stewart","119","Dairy"
"55","Isaac","Henderson","170","Food"
"56","Dylan","Lee","135","Writing"
"57","Maria","Rodriguez","78","Facilities Services"
"58","Brandon","Taylor","98","Utilities"
"60","John","Cox","191","Sales"
"61","Jose","Alexander","215","Computer Hardware"
"62","Courtney","Parker","225","Film"
"64","Jessica","Mitchell","34","Publishing"
"65","Lauren","Hernandez","87","Luxury Goods"
"66","Nicole","Perez","218","Food"
"67","Victoria","Harris","222","Printing"
"68","Alexis","Howard","39","Apparel"
"69","Rachel","Harris","6","Network Security"
"70","Nicholas","Butler","254","Transportation"
"71","Kevin","Ward","190","Film"
"72","Stephanie","Sanchez","211","Architecture"
"73","Elizabeth","Roberts","19","Farming"
"74","Joshua","Price","39","Sales"
"76","Emma","Roberts","69","Architecture"
"78","Grace","Rodriguez","66","Veterinary"
"79","Ryan","Wright","178","Hospitality"
"80","Anna","Hughes","38","Information Technology"
"82","Jasmine","Watson","6","Recreational Facilities"
"84","Justin","Hernandez","29","Marketing"
"85","Jessica","Butler","69","Aviation"
"86","Kelsey","Price","222","Health Care"
"87","Joshua","James","186","Motion Pictures"
"88","Jack","Gonzales","241","Fitness"
"89","Haley","Rodriguez","254","Construction"
"90","Maria","Stewart","227","Industrial Automation"
"91","Victoria","Carter","112","Recruiting"
"93","Victoria","Hernandez","236","Biotechnology"
"94","Charles","Wright","65","Leisure"
"95","Alexander","Collins","8","Computer Engineering"
"96","John","Clark","153","Marketing"
"98","Brianna","Morgan","241","Events Services"
"100","Kayla","Flores","205","Health Care"
"101","Mateo","Davis","175","Food Production"
"102","Audrey","Rivera","31","Recreational Facilities"
"103","Sebastian","Bailey","47","Business Supplies"
"104","Andrew","Reed","166","Hospitality"
"105","Gabriel","Morgan","33","Education"
"106","Ethan","Alexander","93","Building Materials"
"107","Theodore","King","147","Film"
"109","Nicholas","Foster","67","Metals"
"111","Benjamin","Lee","247","International Trade"
"112","Ethan","Gray","139","Facilities Services"
"113","Evelyn","Harris","178","Consumer Services"
"115","Elizabeth","Rogers","44","Electrical Manufacturing"
"116","Alexander","Allen","139","Biotechnology"
"117","Lillian","Young","173","Retail"
"119","Matthew","Hayes","148","Medical Equipment"
"120","Elizabeth","Hughes","27","Construction"
"121","Laura","Morgan","34","Retail"
"122","Alyssa","Hernandez","156","Legal Services"
"123","Natalie","Phillips","125","Aerospace"
"124","Maria","Morgan","113","Metals"
"126","Anthony","Morris","204","Shipbuilding"
"127","Stephen","Bailey","172","Public Relations"
"128","Mateo","Hall","78","Film"
"129","Robert","Bryant","2","Photography"
"130","Nicole","Roberts","221","Events Services"
"131","Taylor","Cox","195","Consumer Services"
"134","Brittany","Scott","105","Internet"
"137","Natalie","Reed","21","Civil Engineering"
"138","Patrick","Martinez","242","Environmental Services"
"140","Chelsea","Lewis","55","Construction"
"141","Brittany","Morgan","139","Freight Delivery"
"143","James","Baker","65","Travel"
"144","Steven","Thompson","79","Film"
"145","Ryan","Morgan","129","Sales"
"147","Christina","Thomas","167","Medical Equipment"
"149","Laura","Alexander","164","Environmental Services"
"151","Joseph","Washington","59","Pharmaceuticals"
"152","Jennifer","Jenkins","80","Human Resources"
"153","Ava","Robinson","181","Business Equipment"
"154","Audrey","Watson","142","Aerospace"
"155","Jeremy","Foster","124","Staffing"
"156","Sarah","Bryant","140","Business Equipment"
"157","Nicholas","Carter","108","Events Services"
"158","Eleanor","Parker","224","Health Care"
"159","Steven","Russell","0","Ceramics"
"160","Megan","Hernandez","184","Procurement"
"161","Evelyn","Garcia","213","Consumer Electronics"
"162","Kayla","Ross","130","Journalism"
"163","Justin","Young","179","Public Relations"
"164","Jason","Wilson","42","Mortgages"
"166","Chelsea","Thompson","32","Internet"
"167","Sebastian","Rodriguez","52","Food Production"
"168","Amelia","Jackson","33","Energy"
"169","Anna","Wood","253","Recruiting"
"171","Haley","Hughes","96","Film"
"172","Kayla","Coleman","75","Professional Training"
"173","Sophia","King","84","Construction"
"174","Isabella","Barnes","20","Publishing"
"175","Sebastian","Thompson","154","Containers"
"176","Eric","Foster","187","Consumer Electronics"
"179","Sean","Baker","223","Telecommunications"
"180","Kelsey","Bell","256","Computer Security"
"181","Stephanie","Jenkins","234","Translation"
"182","Audrey","Jackson","110","Metals"
"183","Timothy","Butler","116","Energy"
"184","Aubrey","Harris","63","Construction"
"185","Kelsey","Cooper","199","Journalism"
"186","Amber","Richardson","134","International Development"
"187","Emily","Flores","187","Publishing"
"190","Sean","Ward","253","Paper Products"
"191","Amber","Smith","4","Facilities Services"
"192","Charles","Parker","36","Luxury Goods"
"193","Timothy","Torres","156","Banking"
"195","Aubrey","Powell","171","Consumer Electronics"
"198","Kayla","Evans","40","Consumer Services"
"199","Aubrey","Peterson","95","Farming"
"200","Samantha","Hall","19","Dairy"
"201","Alyssa","Moore","186","Beverages"
"202","Kaitlyn","Stewart","78","Legal Services"
"204","Mary","Cooper","104","Business Supplies"
"205","Kyle","Henderson","155","Health Care"
"206","Alexander","Bryant","12","Industrial Automation"
"207","Michelle","Parker","60","Consumer Services"
"208","Kaitlyn","Ramirez","50","Paper Products"
"209","Adam","Harris","203","Graphic Design"
"210","Aiden","Washington","59","Computer Games"
"211","Samantha","Foster","22","Textiles"
"212","James","Jenkins","128","Internet"
"215","Isabella","Wood","76","Printing"
"216","Audrey","Adams","30","Medical Equipment"
"217","Mateo","Hernandez","76","Printing"
"219","Austin","Kelly","31","Beverages"
"220","Courtney","Rivera","167","Private Equity"
"221","Julian","Sanders","205","Beverages"
"222","Jeremy","Kelly","39","Electronic Manufacturing"
"223","Adam","Flores","27","Paper Products"
"224","Eleanor","Collins","224","Writing"
"225","Jeremy","Ramirez","93","Industrial Engineering"
"226","Stephen","Bryant","126","Packaging"
"228","Maria","Murphy","253","Security"
"229","Evelyn","Bell","181","Computer Networking"
"230","Emily","Watson","247","Semiconductors"
"231","Claire","Hayes","195","Film"
"232","Nicole","Gonzales","64","Computer Engineering"
"234","John","Baker","42","Veterinary"
"236","Andrew","Murphy","60","Glass"
"237","Maria","Wilson","221","Paper Products"
"238","Layla","Bailey","218","Gambling"
"239","Mary","Cook","48","Services"
"240","Julian","Rogers","91","Industrial Engineering"
"242","Amanda","Bell","199","Printing"
"243","Melissa","Bell","51","Telecommunications"
"244","Sean","Taylor","216","Computer Games"
"245","Aubrey","Wright","205","Health"
"246","Adam","Russell","94","Construction"
"247","Nathan","Allen","215","Information Technology"
"248","Nicole","Jones","222","Gambling"
"249","Kimberly","Perez","249","Luxury Goods"
"250","Aubrey","Ward","225","Mechanical Engineering"
"251","Rebecca","Cox","127","Animation"
"252","Alexander","Garcia","100","Biotechnology"
"253","Charlotte","Ramirez","101","Plastics"
"256","Jack","Roberts","250","Facilities Services"
"257","Haley","White","41","Chemicals"
"258","Erin","Torres","237","Food"
"259","Adam","Johnson","230","Travel"
"260","Christina","Foster","53","Events Services"
"261","Robert","Perez","172","Procurement"
"263","Jessica","Hayes","232","Electronic Manufacturing"
"264","Taylor","Parker","169","Information Services"
"265","Evelyn","Torres","78","Medical Equipment"
"266","Katherine","Wood","128","Film"
"268","Owen","Evans","177","Travel"
"269","Aiden","Phillips","85","Environmental Services"
"270","Robert","Adams","251","Architecture"
"271","Thomas","Evans","75","Fitness"
"273","Timothy","Mitchell","242","Packaging"
"274","Isaac","Powell","59","E-Learning"
"275","Sophia","Davis","230","Architecture"
"276","Haley","Foster","184","Financial Services"
"280","Sarah","Robinson","19","Aviation"
"281","Richard","Ross","47","Sales"
"282","Dylan","Sanders","138","Metals"
"283","Taylor","Simmons","145","Logistics"
"285","Brandon","Green","45","Performing Arts"
"286","Matthew","Wood","31","Fishery"
"289","Victoria","Adams","63","Furniture"
"290","Sara","Scott","77","Computer Networking"
"291","Abigail","Johnson","79","Photography"
"293","Haley","Lewis","27","International Trade"
"295","Jessica","Hernandez","6","Media Production"
"296","Anthony","James","223","Package Delivery"
"298","Eric","Young","169","Warehousing"
"299","Tyler","Alexander","244","Chemicals"
"302","Jack","Hayes","114","Building Materials"
"303","Maria","Green","204","Computer Hardware"
"304","Jose","Thomas","191","Computer Software"
"305","Claire","Sanders","4","Computer Hardware"
"306","Mateo","Long","77","Graphic Design"
"308","Charlotte","Washington","157","Business Supplies"
"309","Steven","Green","89","Information Technology"
"311","Audrey","Henderson","255","Network Security"
"313","Isabella","Howard","51","Management Consulting"
"315","Patrick","Rogers","173","Legal Services"
"316","Alexis","Morris","78","Utilities"
"317","Alexandra","Bailey","90","Telecommunications"
"318","Richard","Torres","21","Jewelry"
"319","Samantha","Hernandez","78","Information Services"
"322","Charles","Green","28","Professional Training"
"323","Alexandra","Price","140","Mortgages"
"324","Jack","Mitchell","92","Computer Engineering"
"326","Taylor","Torres","83","Legal Services"
"327","Jasmine","Gray","169","International Trade"
"328","Mateo","Edwards","247","Computer Security"
"329","Sebastian","Lewis","88","Farming"
"330","Joseph","Garcia","55","Computer Engineering"
"331","Kevin","White","31","Film"
"332","Victoria","Campbell","14","Performing Arts"
"333","Christopher","Lewis","199","Printing"
"334","Emily","Patterson","209","Architecture"
"335","Victoria","Davis","47","Telecommunications"
"337","Chelsea","Roberts","115","Packaging"
"338","Justin","Bryant","76","Electronic Manufacturing"
"339","Amelia","Bennett","132","Financial Services"
"340","Ryan","Reed","205","Luxury Goods"
"341","Charlotte","Bell","45","Private Equity"
"342","Charlotte","Green","14","Mortgages"
"343","Jessica","Murphy","130","Computer Games"
"345","Victoria","Parker","33","Nanotechnology"
"346","Claire","White","69","Automotive"
"350","Owen","Foster","154","Mortgages"
"351","Brittany","Young","167","E-Learning"
"352","Kyle","Bell","219","Financial Services"
"353","Tyler","Allen","22","Ceramics"
"354","Emily","Griffin","36","Logistics"
"355","Katherine","Martin","114","Space"
"356","Victoria","Cook","19","Defense"
"357","Henry","Washington","237","Medical Equipment"
"358","Michael","Johnson","158","Translation"
"359","Charles","Russell","251","Health"
"360","Jack","Scott","13","Maritime"
"361","Gabriel","Bennett","234","Food Production"
"362","Taylor","Turner","215","Computer Security"
"363","Sara","Ramirez","92","Crafts"
"365","Brian","Thompson","157","Apparel"
"366","Christopher","Bell","250","Fishery"
"367","Jennifer","Hill","194","Containers"
"369","Brandon","Allen","69","Insurance"
"370","Jeremy","Washington","8","Farming"
"371","Hannah","Perez","87","Computer Engineering"
"372","Isabella","Green","191","E-Learning"
"375","Amelia","Flores","256","Electrical Manufacturing"
"376","Lauren","Bailey","105","Textiles"
"378","Lillian","Rodriguez","82","Security"
"379","Steven","Cook","249","Health"
"380","Aaron","Lopez","2","Performing Arts"
"381","John","Perez","41","Services"
"382","Charlotte","Coleman","96","Defense"
"383","Ethan","Lewis","226","Events Services"
"385","Justin","Martinez","1","Logistics"
"387","Theodore","Foster","221","International Development"
"390","Sebastian","Lee","130","Containers"
"392","Heather","Johnson","102","Sales"
"393","Melissa","Hughes","114","Recreational Facilities"
"394","Brittany","Rivera","102","Containers"
"395","Brittany","Wilson","230","Legal Services"
"396","Natalie","Rodriguez","91","Beverages"
"397","Theodore","Mitchell","172","Events Services"
"398","Joshua","Robinson","15","Professional Training"
"399","Zachary","Rodriguez","170","Printing"
"400","Brian","Russell","28","Writing"
"402","Eric","Campbell","57","Semiconductors"
"405","Henry","Bennett","56","Construction"
"407","Jason","Harris","103","Mortgages"
"410","Emma","Gonzales","149","Art"
"411","Mateo","Campbell","31","Computer Games"
"412","Audrey","Young","83","Utilities"
"413","Heather","Martin","75","Leisure"
"414","Jason","Phillips","125","Paper Products"
"415","Courtney","Alexander","137","Design"
"416","Chelsea","Collins","107","Private Equity"
"417","Alexis","Jenkins","6","Computer Hardware"
"419","Jose","Foster","130","Telecommunications"
"420","Rachel","Sanders","89","Movie Production"
"422","Owen","Butler","139","Marketing"
"424","Nathan","Hill","250","Food Production"
"425","Brittany","Carter","211","Entertainment"
"426","Alexis","Perez","35","Architecture"
"427","Joshua","Jenkins","55","Fashion"
"428","Layla","Wood","38","Fitness"
"429","Jessica","Jenkins","244","Food"
"430","Heather","Reed","48","Mining"
"432","Emily","Hughes","53","Mortgages"
"433","Melissa","Kelly","7","Publishing"
"434","Laura","Williams","91","Dairy"
"435","Emma","Powell","20","Network Security"
"436","Emily","Hayes","41","Luxury Goods"
"438","Brittany","Patterson","177","Crafts"
"439","Megan","Martin","10","Business Equipment"
"440","Danielle","Wright","6","Freight Delivery"
"441","Oliver","Green","219","Defense"
"442","Alyssa","Allen","185","Food"
"443","Erin","Gonzales","246","Packaging"
"444","Olivia","Anderson","192","Recruiting"
"445","Christina","Adams","20","Publishing"
"446","Samantha","Turner","28","Biotechnology"
"447","Zachary","Johnson","207","Recreational Facilities"
"448","Nathan","Hayes","191","Accounting"
"449","Patrick","Garcia","84","Business Equipment"
"450","Brittany","Roberts","174","Web Design"
"451","Richard","Jenkins","255","Paper Products"
"453","Mateo","Barnes","226","Chemicals"
"454","Laura","Morris","54","Package Delivery"
"455","Stephen","Walker","198","Printing"
"456","Austin","Patterson","187","Furniture"
"457","Austin","Griffin","75","Music"
"458","Amelia","Rivera","81","Public Relations"
"459","Sebastian","Allen","184","Machinery"
"460","Lillian","Price","249","E-Learning"
"461","Eric","Turner","189","Utilities"
"462","Amelia","Hall","237","Aviation"
"463","Jasmine","Cooper","92","Civil Engineering"
"464","Henry","Nelson","74","Civil Engineering"
"465","Natalie","Sanchez","4","Animation"
"468","Brittany","Richardson","65","Wine"
"470","John","Watson","52","Design"
"471","Ava","Lee","55","Wireless"
"473","Theodore","Davis","251","Fashion"
"474","Christina","Phillips","21","Motion Pictures"
"475","Jonathan","Rodriguez","198","Movie Production"
"476","Jennifer","White","192","Textiles"
"478","Audrey","Gonzales","136","Services"
"484","Courtney","Smith","85","Fitness"
"485","Sebastian","Diaz","108","Private Equity"
"486","Joshua","Powell","216","Electronic Manufacturing"
"487","Abigail","White","118","Packaging"
"489","Alexander","Walker","26","Business Supplies"
"490","Timothy","Richardson","235","Network Security"
"491","Audrey","Coleman","168","Sports"
"492","Sean","Hill","83","Media Production"
"493","Michael","Parker","31","Architecture"
"495","Joseph","Davis","208","Computer Engineering"
"497","Sophia","Ross","11","Food"
"498","Amber","Brooks","143","Veterinary"
"499","Amanda","Torres","203","Procurement"
"500","Stephen","Roberts","18","Art"
"501","Theodore","Thomas","171","Luxury Goods"
"502","Taylor","Walker","206","Automotive"
"503","Mary","James","142","Beverages"
"507","Audrey","Clark","94","Containers"
"508","Lauren","Rodriguez","150","Security"
"509","Mateo","Evans","49","Health Care"
"510","Sara","Powell","187","Semiconductors"
"512","Aubrey","Mitchell","36","Package Delivery"
"515","Timothy","Wright","231","Banking"
"516","Brianna","Brown","119","Leisure"
"517","Alexander","Wilson","217","Electronic Manufacturing"
"519","Emily","Hill","189","Package Delivery"
"520","Amber","Jenkins","166","Package Delivery"
"521","Amber","Roberts","2","Food"
"522","Tyler","Thomas","87","Crafts"
"524","Stephen","King","131","Architecture"
"525","Jack","Henderson","182","Mortgages"
"526","Isabella","Lopez","192","Computer Hardware"
"527","Stephen","Adams","30","Legal Services"
"529","Dylan","Wilson","92","Chemicals"
"530","Eric","Perez","76","Defense"
"531","Laura","Lewis","158","Film"
"532","Brandon","Turner","190","Movie Production"
"533","Benjamin","Price","140","Utilities"
"534","Charlotte","Edwards","200","Utilities"
"536","Nathan","Barnes","80","Photography"
"537","Abigail","Brooks","1","Security"
"541","Ethan","Miller","100","Metals"
"542","Jasmine","Lewis","39","Procurement"
"544","Katherine","Bryant","37","Animation"
"545","Michelle","Washington","25","Printing"
"546","Amber","Cox","192","Photography"
"547","Austin","Murphy","80","Consumer Goods"
"548","Nicole","Carter","247","Mortgages"
"549","Hannah","Rogers","233","Sporting Goods"
"551","Emma","Howard","163","Computer Security"
"552","Nicholas","Gray","140","Design"
"553","Sofia","Washington","160","International Trade"
"554","Samantha","Roberts","162","Public Relations"
"555","Sophia","Price","27","Energy"
"557","Kimberly","Cook","185","Wireless"
"558","Elizabeth","Collins","37","Sales"
"559","Aaron","Martin","89","Marketing"
"562","Timothy","Russell","9","E-Learning"
"564","Amber","Simmons","197","Events Services"
"568","Melissa","Scott","142","Computer Networking"
"569","Aubrey","White","42","Dairy"
"570","Thomas","Jones","245","E-Learning"
"571","Sofia","Phillips","251","Recreational Facilities"
"572","Aaron","Powell","105","Services"
"573","Chelsea","King","81","Journalism"
"577","Audrey","Jenkins","63","Electrical Manufacturing"
"578","Jonathan","Mitchell","136","Design"
"580","Mark","Bailey","234","Business Equipment"
"581","Allison","Ward","132","Translation"
"582","Audrey","Sanders","199","Concrete"
"583","Charles","Rogers","18","Food Production"
"584","Henry","Williams","28","Publishing"
"585","Joseph","Mitchell","185","Furniture"
"586","Emily","Russell","73","Sporting Goods"
"587","Chelsea","Hayes","23","Computer Engineering"
"588","Nathan","Peterson","11","Private Equity"
"589","Julian","Mitchell","35","Wine"
"591","Brittany","King","154","Motion Pictures"
"594","Daniel","Brown","197","Journalism"
"595","Alexander","Hill","4","Semiconductors"
"597","Gabriel","Perez","87","Consumer Goods"
"598","Taylor","Adams","122","Crafts"
"599","Victoria","Baker","207","Textiles"
"600","Rebecca","Brown","72","Music"
"601","Charlotte","Griffin","116","Facilities Services"
"602","Gabriel","Alexander","131","Graphic Design"
"603","Austin","Bennett","196","Mortgages"
"605","Jasmine","Bryant","101","Procurement"
"606","Daniel","Gonzales","164","Electrical Manufacturing"
"607","Joseph","Bell","98","Accounting"
"608","Eric","Russell","127","Wholesale"
"609","William","Reed","57","Public Relations"
"612","Tyler","Richardson","76","Warehousing"
"614","Alexander","Rivera","202","Retail"
"616","Patrick","Nelson","248","Industrial Engineering"
"617","Evelyn","Henderson","31","Luxury Goods"
"618","Henry","Reed","94","Human Resources"
"619","Sophia","Sanders","167","Advertising"
"620","Eric","Lee","118","Warehousing"
"621","Samantha","Peterson","143","Network Security"
"622","Ryan","Phillips","24","Farming"
"623","Katherine","Mitchell","9","Sports"
"625","Sophia","Green","195","Performing Arts"
"626","Ethan","Howard","165","Utilities"
"627","Brittany","Flores","209","Computer Engineering"
"628","Chelsea","Ramirez","235","Mechanical Engineering"
"629","Layla","Davis","175","Industrial Engineering"
"630","Richard","Hill","112","Electrical Manufacturing"
"631","Emily","Richardson","123","Journalism"
"632","Alexander","King","158","Computer Security"
"633","Brandon","Peterson","86","Automotive"
"634","Jonathan","Bryant","242","Food Production"
"635","Adam","Anderson","199","Glass"
"636","Alyssa","Cooper","168","Professional Training"
"637","Courtney","Rodriguez","143","Shipbuilding"
"638","Eleanor","Murphy","0","Wholesale"
"639","Allison","Thomas","95","Sports"
"640","Elizabeth","Taylor","166","Animation"
"643","Jose","Cooper","45","Entertainment"
"644","Stephen","Sanchez","31","Biotechnology"
"645","Nicole","Thompson","204","Security"
"646","Sebastian","Green","208","Graphic Design"
"647","Kayla","Green","185","Professional Training"
"649","Justin","Simmons","112","Sports"
"650","Alyssa","Simmons","170","Security"
"651","Elizabeth","Kelly","32","Metals"
"652","Natalie","Price","44","Hospitality"
"653","Brian","Anderson","4","Electrical Manufacturing"
"654","Laura","Jackson","166","Network Security"
"655","Ethan","Nelson","185","Computer Engineering"
"656","Laura","Wood","242","Entertainment"
"657","Abigail","Jenkins","52","Electrical Manufacturing"
"658","Heather","Alexander","150","Hospitality"
"659","Jasmine","Sanders","179","Animation"
"660","James","Robinson","19","Insurance"
"661","Kevin","Collins","130","Glass"
"663","Charles","White","74","Web Design"
"665","Heather","Russell","69","Industrial Engineering"
"667","Steven","Scott","118","Farming"
"668","Courtney","Flores","38","Computer Engineering"
"669","Hannah","Lopez","173","Journalism"
"670","Anna","Thomas","33","Hospitality"
"671","Henry","Wright","238","Semiconductors"
"672","Victoria","Watson","89","Printing"
"673","Amber","Carter","121","Health"
"675","Abigail","Hill","202","Beverages"
"679","Oliver","Young","254","Mortgages"
"680","Samantha","Brooks","15","Containers"
"681","Jonathan","Bailey","25","Apparel"
"682","Lauren","Murphy","86","Textiles"
"684","Thomas","Rodriguez","102","Shipbuilding"
"685","Heather","Bryant","0","Computer Software"
"686","William","Morgan","108","Civil Engineering"
"687","Rebecca","Hayes","163","Insurance"
"688","Joshua","Perry","206","Travel"
"689","Melissa","Mitchell","129","E-Learning"
"692","Oliver","Davis","75","Environmental Services"
"694","Jennifer","Martin","166","Cosmetics"
"695","Robert","Harris","119","Building Materials"
"696","Benjamin","Henderson","252","Public Relations"
"697","Sean","Perez","210","Gambling"
"699","Anthony","Mitchell","145","Glass"
"701","Lillian","Walker","178","E-Learning"
"703","Kimberly","Collins","195","Electrical Manufacturing"
"704","Grace","Johnson","73","Crafts"
"705","Jessica","Young","119","Information Services"
"706","Chelsea","Martin","51","Building Materials"
"707","Austin","Wright","189","Building Materials"
"710","Tiffany","Mitchell","40","Gambling"
"713","Zachary","Reed","69","Environmental Services"
"715","Olivia","Roberts","192","Freight Delivery"
"716","Thomas","Brooks","104","Furniture"
"717","Alyssa","James","74","Management Consulting"
"718","Rachel","Rodriguez","255","Apparel"
"719","Joseph","Alexander","20","Fashion"
"720","Christina","Bailey","207","Writing"
"721","Alyssa","Gonzales","140","Aerospace"
"722","Claire","Long","17","Information Services"
"723","Audrey","Howard","99","Glass"
"724","Thomas","Mitchell","160","Apparel"
"725","Nicholas","Diaz","80","Machinery"
"726","Charlotte","Adams","99","Information Technology"
"727","Jessica","Perez","112","Graphic Design"
"728","Nicholas","Garcia","32","Space"
"733","Jennifer","Reed","201","Performing Arts"
"734","Brandon","Rivera","41","Plastics"
"735","Anna","Gonzales","180","Computer Security"
"736","Natalie","Wright","73","Industrial Automation"
"737","Brandon","Jackson","129","Health"
"738","Alexis","Mitchell","131","Semiconductors"
"739","Anna","Hernandez","225","Cosmetics"
"741","Mark","Wright","170","Apparel"
"742","Haley","Sanchez","249","Information Services"
"743","Sara","Hernandez","82","Medical Equipment"
"744","Joshua","Richardson","203","Computer Engineering"
"745","Jeremy","Perez","248","Farming"
"746","Matthew","Murphy","6","Professional Training"
"747","Brandon","Bailey","246","Civil Engineering"
"748","Eleanor","Roberts","98","Telecommunications"
"749","Megan","Phillips","26","Performing Arts"
"750","Erin","Rogers","33","Veterinary"
"752","Sofia","Price","42","Health Care"
"753","Theodore","Miller","22","Computer Engineering"
"754","Patrick","Hill","152","Farming"
"755","Allison","Adams","180","Business Supplies"
"756","Owen","Bell","205","Aerospace"
"757","Sebastian","Morgan","50","Beverages"
"759","Christina","Brown","134","Chemicals"
"760","Isaac","Morgan","204","Real Estate"
"761","Kaitlyn","James","207","Warehousing"
"762","Megan","Jenkins","65","Computer Software"
"763","Maria","Collins","73","Beverages"
"764","Andrew","Lee","81","Legal Services"
"767","Justin","Ross","190","Computer Hardware"
"768","Nathan","Jenkins","57","Accounting"
"769","Sebastian","Harris","238","Gambling"
"770","Zachary","Jackson","191","Graphic Design"
"771","Brianna","Cox","50","Education"
"772","Melissa","Reed","112","Nanotechnology"
"773","Kayla","Mitchell","184","Automotive"
"774","Dylan","Davis","211","Computer Engineering"
"775","Sofia","Wood","121","Motion Pictures"
"776","Aubrey","Rivera","87","Textiles"
"777","Danielle","Lee","97","Facilities Services"
"778","Laura","Bennett","178","Wholesale"
"779","Kayla","Reed","49","Construction"
"780","Eleanor","Thompson","106","Travel"
"781","Kelsey","Wood","1","Packaging"
"782","Ethan","Collins","11","Semiconductors"
"783","Rebecca","Thomas","249","Translation"
"785","Ryan","Young","73","Computer Engineering"
"787","Megan","Roberts","87","Business Supplies"
"788","Nathan","Powell","73","Network Security"
"789","Sophia","Lee","26","Food Production"
"790","Nicole","Stewart","167","Music"
"791","Michael","Powell","242","Leisure"
"792","Brittany","Thomas","247","Aerospace"
"793","Alyssa","Perez","177","Insurance"
"794","Joshua","Walker","1","Insurance"
"795","Aubrey","Perez","171","Electrical Manufacturing"
"796","Mark","Adams","83","Semiconductors"
"799","Nicole","Campbell","217","Information Services"
"801","Charlotte","Rivera","241","Freight Delivery"
"802","Jason","Richardson","59","Environmental Services"
"803","Brandon","Gonzales","183","Wine"
"804","Amelia","Brooks","153","International Development"
"805","Aiden","Reed","187","Staffing"
"807","Nathan","Henderson","95","Wholesale"
"808","Amelia","Evans","160","Professional Training"
"809","Jeremy","Cox","43","Information Services"
"811","Claire","Hall","107","Architecture"
"813","Nicholas","James","100","Furniture"
"814","Rebecca","Stewart","161","Staffing"
"815","Kelsey","Davis","203","Pharmaceuticals"
"816","Courtney","Washington","216","Aviation"
"817","Amanda","Turner","131","Health Care"
"818","Megan","Russell","159","Mortgages"
"819","Christina","Jenkins","144","Travel"
"820","Rebecca","Clark","242","Packaging"
"824","Aaron","Brown","115","Mining"
"825","Nicole","Mitchell","178","E-Learning"
"826","Danielle","Thompson","20","International Development"
"827","Joshua","Adams","232","Mortgages"
"828","Kimberly","Long","239","Automotive"
"830","Mary","Cox","29","Veterinary"
"831","Jason","James","186","Space"
"832","Mateo","Rogers","69","Health Care"
"833","Ethan","Coleman","224","Furniture"
"835","Layla","Phillips","24","Nanotechnology"
"836","Kevin","Young","122","Consumer Goods"
"837","Michael","Wilson","87","Telecommunications"
"839","Robert","Gonzales","26","Freight Delivery"
"840","Brian","Watson","181","Management Consulting"
"841","Michael","Reed","187","Advertising"
"842","Justin","Cooper","237","Events Services"
"844","Ava","Davis","240","Wine"
"846","Aubrey","Rogers","256","Art"
"847","Claire","Ramirez","154","Translation"
"848","Mary","Collins","173","Concrete"
"849","David","Sanders","148","Sports"
"850","Jasmine","Turner","151","Publishing"
"852","Nathan","Rogers","239","Music"
"853","Evelyn","Brooks","22","Veterinary"
"854","Tiffany","Collins","66","Machinery"
"855","Henry","Brooks","91","Civil Engineering"
"857","Evelyn","Green","200","Private Equity"
"859","Taylor","Jackson","255","Financial Services"
"860","Ethan","Lee","199","Package Delivery"
"861","Henry","Young","184","Semiconductors"
"862","Henry","Long","180","Wireless"
"863","Brittany","Collins","141","Security"
"864","Nathan","Cooper","254","Management Consulting"
"865","Mary","Ross","218","Insurance"
"866","Grace","Ross","62","Business Equipment"
"867","Steven","Morgan","6","Real Estate"
"868","Kimberly","Williams","143","Paper Products"
"869","Adam","Jones","243","Logistics"
"870","Olivia","Garcia","201","Internet"
"871","Mateo","Henderson","173","Ceramics"
"872","Laura","Cooper","117","Electronic Manufacturing"
"874","Amber","Bryant","9","Graphic Design"
"875","Sofia","Powell","256","Semiconductors"
"876","Steven","Hall","50","Glass"
"877","Austin","Hill","123","Business Equipment"
"878","Ethan","Peterson","54","Food Production"
"880","Charlotte","Clark","154","Metals"
"881","Danielle","Hayes","207","Legal Services"
"883","Allison","Perez","243","Furniture"
"884","Eric","Long","137","Fitness"
"885","Emma","Williams","232","Fashion"
"886","Zachary","King","141","Entertainment"
"887","Laura","Murphy","143","Containers"
"890","Alexandra","Wilson","246","Insurance"
"891","Anthony","Baker","201","Writing"
"892","Isaac","Lopez","79","Computer Games"
"893","Emma","Scott","225","Fishery"
"894","Sebastian","Anderson","13","Information Technology"
"895","Kayla","Foster","125","Paper Products"
"897","Anna","Wilson","11","Graphic Design"
"898","Sean","Jackson","135","Telecommunications"
"900","Adam","Martin","102","Furniture"
"902","Jonathan","Gonzales","36","Retail"
"903","Matthew","Thompson","242","Nanotechnology"
"906","Samuel","Rivera","133","Legal Services"
"908","Isabella","Garcia","166","Paper Products"
"910","Isabella","Morgan","142","Luxury Goods"
"911","Ethan","Young","36","Retail"
"912","Jack","White","68","Farming"
"913","Joshua","Lewis","116","Facilities Services"
"915","Taylor","Wilson","156","Gambling"
"916","Anthony","Powell","219","Food"
"917","Sara","Martin","249","Construction"
"918","Mary","Sanchez","56","Services"
"921","Abigail","Morgan","253","Glass"
"923","Emma","Bennett","118","Pharmaceuticals"
"924","Richard","Foster","205","Freight Delivery"
"928","Claire","Henderson","211","Private Equity"
"930","Kaitlyn","Cooper","225","Wireless"
"931","Amanda","Patterson","164","Insurance"
"932","Michelle","Young","42","Space"
"933","Patrick","Butler","140","Nanotechnology"
"934","Allison","Cooper","198","Packaging"
"936","Tyler","Sanders","165","Mortgages"
"937","Justin","Coleman","69","Services"
"941","Steven","Martinez","201","Wine"
"942","Daniel","Hayes","52","Private Equity"
"944","Sean","Washington","135","Glass"
"945","Alexander","White","174","Information Services"
"946","Jasmine","Ross","184","Computer Software"
"947","Maria","Nelson","239","Health Care"
"948","Emily","White","217","Aerospace"
"950","Oliver","Bryant","23","Glass"
"951","Owen","Johnson","188","Human Resources"
"952","Stephanie","Bell","51","Recreational Facilities"
"953","Tyler","Jackson","86","Mortgages"
"954","Sara","Edwards","134","International Development"
"955","Courtney","Murphy","50","Publishing"
"956","Theodore","Collins","83","Mortgages"
"957","Courtney","Ross","140","Containers"
"958","Ethan","Richardson","235","Education"
"959","Aiden","Morgan","3","Veterinary"
"960","Nicholas","Brooks","142","Utilities"
"962","Isabella","Allen","165","Services"
"963","Isabella","Lee","25","Computer Games"
"964","Heather","Powell","108","Facilities Services"
"967","Zachary","Simmons","211","Pharmaceuticals"
"969","Joseph","Lopez","144","Education"
"971","Patrick","Morris","166","Mechanical Engineering"
"975","Elizabeth","Foster","191","Recreational Facilities"
"977","Justin","Ramirez","70","Beverages"
"980","Matthew","Hill","141","Business Supplies"
"981","Grace","Collins","248","Biotechnology"
"983","Lauren","Simmons","247","Food Production"
"984","Justin","Flores","198","Industrial Engineering"
"986","Jennifer","Bryant","95","Farming"
"987","Kaitlyn","Patterson","225","Space"
"989","David","Lee","204","Banking"
"990","Layla","Edwards","59","Journalism"
"991","Patrick","Turner","79","Freight Delivery"
"992","Olivia","Jones","81","Internet"
"994","Benjamin","James","125","International Trade"
"995","Julian","Bell","54","Management Consulting"
"996","Brandon","Perry","180","Media Production"
"997","Mark","Wilson","37","Procurement"
"998","Megan","Evans","218","Management Consulting"
"999","Isabella","Roberts","210","Construction"
